Ref,Val,Package,PosX,PosY,Rot,Side
"","","",67.692902,-49.749892,0.000000,top
"","","",67.892902,-17.049892,0.000000,top
"","","",32.892902,-17.049892,0.000000,top
"","","",46.592902,-17.049892,0.000000,top
"","","",11.592902,-17.049892,0.000000,top
"","","",32.692902,-49.749892,0.000000,top
"KiKit_FID_T_1","Fiducial","Fiducial",3.000000,-16.500000,0.000000,top
"KiKit_FID_T_2","Fiducial","Fiducial",77.000006,-16.500000,0.000000,top
"KiKit_FID_T_3","Fiducial","Fiducial",3.000000,-108.899995,0.000000,top
"KiKit_FID_T_4","Fiducial","Fiducial",77.000006,-108.899995,0.000000,top
"KiKit_TO_1","NPTH","NPTH",3.000000,-3.000000,0.000000,top
"KiKit_TO_2","NPTH","NPTH",77.000006,-3.000000,0.000000,top
"KiKit_TO_3","NPTH","NPTH",3.000000,-122.399995,0.000000,top
"KiKit_TO_4","NPTH","NPTH",77.000006,-122.399995,0.000000,top
"N1","~","SK6805-EC14",8.808009,-9.643000,0.000000,top
"N1","~","SK6805-EC14",43.808009,-9.643000,0.000000,top
"N2","~","SK6805-EC14",12.231009,-9.643000,0.000000,top
"N2","~","SK6805-EC14",47.231009,-9.643000,0.000000,top
"N3","~","SK6805-EC14",50.654009,-9.643000,0.000000,top
"N3","~","SK6805-EC14",15.654009,-9.643000,0.000000,top
"N4","~","SK6805-EC14",54.077009,-9.643000,0.000000,top
"N4","~","SK6805-EC14",19.077009,-9.643000,0.000000,top
"N5","~","SK6805-EC14",22.500009,-9.643000,0.000000,top
"N5","~","SK6805-EC14",57.500009,-9.643000,0.000000,top
"N6","~","SK6805-EC14",25.923009,-9.643000,0.000000,top
"N6","~","SK6805-EC14",60.923009,-9.643000,0.000000,top
"N7","~","SK6805-EC14",64.346009,-9.643000,0.000000,top
"N7","~","SK6805-EC14",29.346009,-9.643000,0.000000,top
"N8","~","SK6805-EC14",67.769009,-9.643000,0.000000,top
"N8","~","SK6805-EC14",32.769009,-9.643000,0.000000,top
"N9","~","SK6805-EC14",71.192009,-9.643000,0.000000,top
"N9","~","SK6805-EC14",36.192009,-9.643000,0.000000,top
"N10","~","SK6805-EC14",8.808009,-13.066000,0.000000,top
"N10","~","SK6805-EC14",43.808009,-13.066000,0.000000,top
"N11","~","SK6805-EC14",12.231009,-13.066000,0.000000,top
"N11","~","SK6805-EC14",47.231009,-13.066000,0.000000,top
"N12","~","SK6805-EC14",15.654009,-13.066000,0.000000,top
"N12","~","SK6805-EC14",50.654009,-13.066000,0.000000,top
"N13","~","SK6805-EC14",19.077009,-13.066000,0.000000,top
"N13","~","SK6805-EC14",54.077009,-13.066000,0.000000,top
"N14","~","SK6805-EC14",22.500009,-13.066000,0.000000,top
"N14","~","SK6805-EC14",57.500009,-13.066000,0.000000,top
"N15","~","SK6805-EC14",25.923009,-13.066000,0.000000,top
"N15","~","SK6805-EC14",60.923009,-13.066000,0.000000,top
"N16","~","SK6805-EC14",29.346009,-13.066000,0.000000,top
"N16","~","SK6805-EC14",64.346009,-13.066000,0.000000,top
"N17","~","SK6805-EC14",32.769009,-13.066000,0.000000,top
"N17","~","SK6805-EC14",67.769009,-13.066000,0.000000,top
"N18","~","SK6805-EC14",36.192009,-13.066000,0.000000,top
"N18","~","SK6805-EC14",71.192009,-13.066000,0.000000,top
"N19","~","SK6805-EC14",8.808009,-16.489000,0.000000,top
"N19","~","SK6805-EC14",43.808009,-16.489000,0.000000,top
"N20","~","SK6805-EC14",12.231009,-16.489000,0.000000,top
"N20","~","SK6805-EC14",47.231009,-16.489000,0.000000,top
"N21","~","SK6805-EC14",15.654009,-16.489000,0.000000,top
"N21","~","SK6805-EC14",50.654009,-16.489000,0.000000,top
"N22","~","SK6805-EC14",54.077009,-16.489000,0.000000,top
"N22","~","SK6805-EC14",19.077009,-16.489000,0.000000,top
"N23","~","SK6805-EC14",22.500009,-16.489000,0.000000,top
"N23","~","SK6805-EC14",57.500009,-16.489000,0.000000,top
"N24","~","SK6805-EC14",25.923009,-16.489000,0.000000,top
"N24","~","SK6805-EC14",60.923009,-16.489000,0.000000,top
"N25","~","SK6805-EC14",64.346009,-16.489000,0.000000,top
"N25","~","SK6805-EC14",29.346009,-16.489000,0.000000,top
"N26","~","SK6805-EC14",67.769009,-16.489000,0.000000,top
"N26","~","SK6805-EC14",32.769009,-16.489000,0.000000,top
"N27","~","SK6805-EC14",36.192009,-16.489000,0.000000,top
"N27","~","SK6805-EC14",71.192009,-16.489000,0.000000,top
"N28","~","SK6805-EC14",8.808009,-19.912000,0.000000,top
"N28","~","SK6805-EC14",43.808009,-19.912000,0.000000,top
"N29","~","SK6805-EC14",47.231009,-19.912000,0.000000,top
"N29","~","SK6805-EC14",12.231009,-19.912000,0.000000,top
"N30","~","SK6805-EC14",50.654009,-19.912000,0.000000,top
"N30","~","SK6805-EC14",15.654009,-19.912000,0.000000,top
"N31","~","SK6805-EC14",19.077009,-19.912000,0.000000,top
"N31","~","SK6805-EC14",54.077009,-19.912000,0.000000,top
"N32","~","SK6805-EC14",22.500009,-19.912000,0.000000,top
"N32","~","SK6805-EC14",57.500009,-19.912000,0.000000,top
"N33","~","SK6805-EC14",25.923009,-19.912000,0.000000,top
"N33","~","SK6805-EC14",60.923009,-19.912000,0.000000,top
"N34","~","SK6805-EC14",29.346009,-19.912000,0.000000,top
"N34","~","SK6805-EC14",64.346009,-19.912000,0.000000,top
"N35","~","SK6805-EC14",67.769009,-19.912000,0.000000,top
"N35","~","SK6805-EC14",32.769009,-19.912000,0.000000,top
"N36","~","SK6805-EC14",36.192009,-19.912000,0.000000,top
"N36","~","SK6805-EC14",71.192009,-19.912000,0.000000,top
"N37","~","SK6805-EC14",8.808009,-23.335000,0.000000,top
"N37","~","SK6805-EC14",43.808009,-23.335000,0.000000,top
"N38","~","SK6805-EC14",12.231009,-23.335000,0.000000,top
"N38","~","SK6805-EC14",47.231009,-23.335000,0.000000,top
"N39","~","SK6805-EC14",50.654009,-23.335000,0.000000,top
"N39","~","SK6805-EC14",15.654009,-23.335000,0.000000,top
"N40","~","SK6805-EC14",19.077009,-23.335000,0.000000,top
"N40","~","SK6805-EC14",54.077009,-23.335000,0.000000,top
"N41","~","SK6805-EC14",57.500009,-23.335000,0.000000,top
"N41","~","SK6805-EC14",22.500009,-23.335000,0.000000,top
"N42","~","SK6805-EC14",60.923009,-23.335000,0.000000,top
"N42","~","SK6805-EC14",25.923009,-23.335000,0.000000,top
"N43","~","SK6805-EC14",29.346009,-23.335000,0.000000,top
"N43","~","SK6805-EC14",64.346009,-23.335000,0.000000,top
"N44","~","SK6805-EC14",67.769009,-23.335000,0.000000,top
"N44","~","SK6805-EC14",32.769009,-23.335000,0.000000,top
"N45","~","SK6805-EC14",71.192009,-23.335000,0.000000,top
"N45","~","SK6805-EC14",36.192009,-23.335000,0.000000,top
"N46","~","SK6805-EC14",43.808009,-26.758000,0.000000,top
"N46","~","SK6805-EC14",8.808009,-26.758000,0.000000,top
"N47","~","SK6805-EC14",12.231009,-26.758000,0.000000,top
"N47","~","SK6805-EC14",47.231009,-26.758000,0.000000,top
"N48","~","SK6805-EC14",15.654009,-26.758000,0.000000,top
"N48","~","SK6805-EC14",50.654009,-26.758000,0.000000,top
"N49","~","SK6805-EC14",54.077009,-26.758000,0.000000,top
"N49","~","SK6805-EC14",19.077009,-26.758000,0.000000,top
"N50","~","SK6805-EC14",22.500009,-26.758000,0.000000,top
"N50","~","SK6805-EC14",57.500009,-26.758000,0.000000,top
"N51","~","SK6805-EC14",25.923009,-26.758000,0.000000,top
"N51","~","SK6805-EC14",60.923009,-26.758000,0.000000,top
"N52","~","SK6805-EC14",29.346009,-26.758000,0.000000,top
"N52","~","SK6805-EC14",64.346009,-26.758000,0.000000,top
"N53","~","SK6805-EC14",67.769009,-26.758000,0.000000,top
"N53","~","SK6805-EC14",32.769009,-26.758000,0.000000,top
"N54","~","SK6805-EC14",71.192009,-26.758000,0.000000,top
"N54","~","SK6805-EC14",36.192009,-26.758000,0.000000,top
"N55","~","SK6805-EC14",43.808009,-30.181000,0.000000,top
"N55","~","SK6805-EC14",8.808009,-30.181000,0.000000,top
"N56","~","SK6805-EC14",47.231009,-30.181000,0.000000,top
"N56","~","SK6805-EC14",12.231009,-30.181000,0.000000,top
"N57","~","SK6805-EC14",15.654009,-30.181000,0.000000,top
"N57","~","SK6805-EC14",50.654009,-30.181000,0.000000,top
"N58","~","SK6805-EC14",54.077009,-30.181000,0.000000,top
"N58","~","SK6805-EC14",19.077009,-30.181000,0.000000,top
"N59","~","SK6805-EC14",22.500009,-30.181000,0.000000,top
"N59","~","SK6805-EC14",57.500009,-30.181000,0.000000,top
"N60","~","SK6805-EC14",25.923009,-30.181000,0.000000,top
"N60","~","SK6805-EC14",60.923009,-30.181000,0.000000,top
"N61","~","SK6805-EC14",64.346009,-30.181000,0.000000,top
"N61","~","SK6805-EC14",29.346009,-30.181000,0.000000,top
"N62","~","SK6805-EC14",32.769009,-30.181000,0.000000,top
"N62","~","SK6805-EC14",67.769009,-30.181000,0.000000,top
"N63","~","SK6805-EC14",36.192009,-30.181000,0.000000,top
"N63","~","SK6805-EC14",71.192009,-30.181000,0.000000,top
"N64","~","SK6805-EC14",8.808009,-33.604000,0.000000,top
"N64","~","SK6805-EC14",43.808009,-33.604000,0.000000,top
"N65","~","SK6805-EC14",47.231009,-33.604000,0.000000,top
"N65","~","SK6805-EC14",12.231009,-33.604000,0.000000,top
"N66","~","SK6805-EC14",15.654009,-33.604000,0.000000,top
"N66","~","SK6805-EC14",50.654009,-33.604000,0.000000,top
"N67","~","SK6805-EC14",19.077009,-33.604000,0.000000,top
"N67","~","SK6805-EC14",54.077009,-33.604000,0.000000,top
"N68","~","SK6805-EC14",57.500009,-33.604000,0.000000,top
"N68","~","SK6805-EC14",22.500009,-33.604000,0.000000,top
"N69","~","SK6805-EC14",60.923009,-33.604000,0.000000,top
"N69","~","SK6805-EC14",25.923009,-33.604000,0.000000,top
"N70","~","SK6805-EC14",29.346009,-33.604000,0.000000,top
"N70","~","SK6805-EC14",64.346009,-33.604000,0.000000,top
"N71","~","SK6805-EC14",67.769009,-33.604000,0.000000,top
"N71","~","SK6805-EC14",32.769009,-33.604000,0.000000,top
"N72","~","SK6805-EC14",71.192009,-33.604000,0.000000,top
"N72","~","SK6805-EC14",36.192009,-33.604000,0.000000,top
"N73","~","SK6805-EC14",43.808009,-37.027000,0.000000,top
"N73","~","SK6805-EC14",8.808009,-37.027000,0.000000,top
"N74","~","SK6805-EC14",12.231009,-37.027000,0.000000,top
"N74","~","SK6805-EC14",47.231009,-37.027000,0.000000,top
"N75","~","SK6805-EC14",15.654009,-37.027000,0.000000,top
"N75","~","SK6805-EC14",50.654009,-37.027000,0.000000,top
"N76","~","SK6805-EC14",19.077009,-37.027000,0.000000,top
"N76","~","SK6805-EC14",54.077009,-37.027000,0.000000,top
"N77","~","SK6805-EC14",22.500009,-37.027000,0.000000,top
"N77","~","SK6805-EC14",57.500009,-37.027000,0.000000,top
"N78","~","SK6805-EC14",25.923009,-37.027000,0.000000,top
"N78","~","SK6805-EC14",60.923009,-37.027000,0.000000,top
"N79","~","SK6805-EC14",29.346009,-37.027000,0.000000,top
"N79","~","SK6805-EC14",64.346009,-37.027000,0.000000,top
"N80","~","SK6805-EC14",67.769009,-37.027000,0.000000,top
"N80","~","SK6805-EC14",32.769009,-37.027000,0.000000,top
"N81","~","SK6805-EC14",71.192009,-37.027000,0.000000,top
"N81","~","SK6805-EC14",36.192009,-37.027000,0.000000,top
"N82","~","SK6805-EC14",8.808009,-40.450000,0.000000,top
"N82","~","SK6805-EC14",43.808009,-40.450000,0.000000,top
"N83","~","SK6805-EC14",12.231009,-40.450000,0.000000,top
"N83","~","SK6805-EC14",47.231009,-40.450000,0.000000,top
"N84","~","SK6805-EC14",15.654009,-40.450000,0.000000,top
"N84","~","SK6805-EC14",50.654009,-40.450000,0.000000,top
"N85","~","SK6805-EC14",54.077009,-40.450000,0.000000,top
"N85","~","SK6805-EC14",19.077009,-40.450000,0.000000,top
"N86","~","SK6805-EC14",22.500009,-40.450000,0.000000,top
"N86","~","SK6805-EC14",57.500009,-40.450000,0.000000,top
"N87","~","SK6805-EC14",60.923009,-40.450000,0.000000,top
"N87","~","SK6805-EC14",25.923009,-40.450000,0.000000,top
"N88","~","SK6805-EC14",29.346009,-40.450000,0.000000,top
"N88","~","SK6805-EC14",64.346009,-40.450000,0.000000,top
"N89","~","SK6805-EC14",32.769009,-40.450000,0.000000,top
"N89","~","SK6805-EC14",67.769009,-40.450000,0.000000,top
"N90","~","SK6805-EC14",71.192009,-40.450000,0.000000,top
"N90","~","SK6805-EC14",36.192009,-40.450000,0.000000,top
"N91","~","SK6805-EC14",8.808009,-43.873000,0.000000,top
"N91","~","SK6805-EC14",43.808009,-43.873000,0.000000,top
"N92","~","SK6805-EC14",47.231009,-43.873000,0.000000,top
"N92","~","SK6805-EC14",12.231009,-43.873000,0.000000,top
"N93","~","SK6805-EC14",50.654009,-43.873000,0.000000,top
"N93","~","SK6805-EC14",15.654009,-43.873000,0.000000,top
"N94","~","SK6805-EC14",19.077009,-43.873000,0.000000,top
"N94","~","SK6805-EC14",54.077009,-43.873000,0.000000,top
"N95","~","SK6805-EC14",57.500009,-43.873000,0.000000,top
"N95","~","SK6805-EC14",22.500009,-43.873000,0.000000,top
"N96","~","SK6805-EC14",60.923009,-43.873000,0.000000,top
"N96","~","SK6805-EC14",25.923009,-43.873000,0.000000,top
"N97","~","SK6805-EC14",64.346009,-43.873000,0.000000,top
"N97","~","SK6805-EC14",29.346009,-43.873000,0.000000,top
"N98","~","SK6805-EC14",67.769009,-43.873000,0.000000,top
"N98","~","SK6805-EC14",32.769009,-43.873000,0.000000,top
"N99","~","SK6805-EC14",36.192009,-43.873000,0.000000,top
"N99","~","SK6805-EC14",71.192009,-43.873000,0.000000,top
"N100","~","SK6805-EC14",8.808009,-47.296000,0.000000,top
"N100","~","SK6805-EC14",43.808009,-47.296000,0.000000,top
"N101","~","SK6805-EC14",12.231009,-47.296000,0.000000,top
"N101","~","SK6805-EC14",47.231009,-47.296000,0.000000,top
"N102","~","SK6805-EC14",50.654009,-47.296000,0.000000,top
"N102","~","SK6805-EC14",15.654009,-47.296000,0.000000,top
"N103","~","SK6805-EC14",54.077009,-47.296000,0.000000,top
"N103","~","SK6805-EC14",19.077009,-47.296000,0.000000,top
"N104","~","SK6805-EC14",22.500009,-47.296000,0.000000,top
"N104","~","SK6805-EC14",57.500009,-47.296000,0.000000,top
"N105","~","SK6805-EC14",60.923009,-47.296000,0.000000,top
"N105","~","SK6805-EC14",25.923009,-47.296000,0.000000,top
"N106","~","SK6805-EC14",64.346009,-47.296000,0.000000,top
"N106","~","SK6805-EC14",29.346009,-47.296000,0.000000,top
"N107","~","SK6805-EC14",32.769009,-47.296000,0.000000,top
"N107","~","SK6805-EC14",67.769009,-47.296000,0.000000,top
"N108","~","SK6805-EC14",36.192009,-47.296000,0.000000,top
"N108","~","SK6805-EC14",71.192009,-47.296000,0.000000,top
"N109","~","SK6805-EC14",8.808009,-50.719000,0.000000,top
"N109","~","SK6805-EC14",43.808009,-50.719000,0.000000,top
"N110","~","SK6805-EC14",47.231009,-50.719000,0.000000,top
"N110","~","SK6805-EC14",12.231009,-50.719000,0.000000,top
"N111","~","SK6805-EC14",15.654009,-50.719000,0.000000,top
"N111","~","SK6805-EC14",50.654009,-50.719000,0.000000,top
"N112","~","SK6805-EC14",54.077009,-50.719000,0.000000,top
"N112","~","SK6805-EC14",19.077009,-50.719000,0.000000,top
"N113","~","SK6805-EC14",22.500009,-50.719000,0.000000,top
"N113","~","SK6805-EC14",57.500009,-50.719000,0.000000,top
"N114","~","SK6805-EC14",25.923009,-50.719000,0.000000,top
"N114","~","SK6805-EC14",60.923009,-50.719000,0.000000,top
"N115","~","SK6805-EC14",29.346009,-50.719000,0.000000,top
"N115","~","SK6805-EC14",64.346009,-50.719000,0.000000,top
"N116","~","SK6805-EC14",32.769009,-50.719000,0.000000,top
"N116","~","SK6805-EC14",67.769009,-50.719000,0.000000,top
"N117","~","SK6805-EC14",36.192009,-50.719000,0.000000,top
"N117","~","SK6805-EC14",71.192009,-50.719000,0.000000,top
"N118","~","SK6805-EC14",43.808009,-54.142000,0.000000,top
"N118","~","SK6805-EC14",8.808009,-54.142000,0.000000,top
"N119","~","SK6805-EC14",47.231009,-54.142000,0.000000,top
"N119","~","SK6805-EC14",12.231009,-54.142000,0.000000,top
"N120","~","SK6805-EC14",15.654009,-54.142000,0.000000,top
"N120","~","SK6805-EC14",50.654009,-54.142000,0.000000,top
"N121","~","SK6805-EC14",54.077009,-54.142000,0.000000,top
"N121","~","SK6805-EC14",19.077009,-54.142000,0.000000,top
"N122","~","SK6805-EC14",57.500009,-54.142000,0.000000,top
"N122","~","SK6805-EC14",22.500009,-54.142000,0.000000,top
"N123","~","SK6805-EC14",60.923009,-54.142000,0.000000,top
"N123","~","SK6805-EC14",25.923009,-54.142000,0.000000,top
"N124","~","SK6805-EC14",64.346009,-54.142000,0.000000,top
"N124","~","SK6805-EC14",29.346009,-54.142000,0.000000,top
"N125","~","SK6805-EC14",67.769009,-54.142000,0.000000,top
"N125","~","SK6805-EC14",32.769009,-54.142000,0.000000,top
"N126","~","SK6805-EC14",36.192009,-54.142000,0.000000,top
"N126","~","SK6805-EC14",71.192009,-54.142000,0.000000,top
"N127","~","SK6805-EC14",43.808009,-57.565000,0.000000,top
"N127","~","SK6805-EC14",8.808009,-57.565000,0.000000,top
"N128","~","SK6805-EC14",47.231009,-57.565000,0.000000,top
"N128","~","SK6805-EC14",12.231009,-57.565000,0.000000,top
"N129","~","SK6805-EC14",15.654009,-57.565000,0.000000,top
"N129","~","SK6805-EC14",50.654009,-57.565000,0.000000,top
"N130","~","SK6805-EC14",19.077009,-57.565000,0.000000,top
"N130","~","SK6805-EC14",54.077009,-57.565000,0.000000,top
"N131","~","SK6805-EC14",57.500009,-57.565000,0.000000,top
"N131","~","SK6805-EC14",22.500009,-57.565000,0.000000,top
"N132","~","SK6805-EC14",60.923009,-57.565000,0.000000,top
"N132","~","SK6805-EC14",25.923009,-57.565000,0.000000,top
"N133","~","SK6805-EC14",29.346009,-57.565000,0.000000,top
"N133","~","SK6805-EC14",64.346009,-57.565000,0.000000,top
"N134","~","SK6805-EC14",32.769009,-57.565000,0.000000,top
"N134","~","SK6805-EC14",67.769009,-57.565000,0.000000,top
"N135","~","SK6805-EC14",36.192009,-57.565000,0.000000,top
"N135","~","SK6805-EC14",71.192009,-57.565000,0.000000,top
"N136","~","SK6805-EC14",8.808009,-60.988000,0.000000,top
"N136","~","SK6805-EC14",43.808009,-60.988000,0.000000,top
"N137","~","SK6805-EC14",47.231009,-60.988000,0.000000,top
"N137","~","SK6805-EC14",12.231009,-60.988000,0.000000,top
"N138","~","SK6805-EC14",50.654009,-60.988000,0.000000,top
"N138","~","SK6805-EC14",15.654009,-60.988000,0.000000,top
"N139","~","SK6805-EC14",54.077009,-60.988000,0.000000,top
"N139","~","SK6805-EC14",19.077009,-60.988000,0.000000,top
"N140","~","SK6805-EC14",57.500009,-60.988000,0.000000,top
"N140","~","SK6805-EC14",22.500009,-60.988000,0.000000,top
"N141","~","SK6805-EC14",60.923009,-60.988000,0.000000,top
"N141","~","SK6805-EC14",25.923009,-60.988000,0.000000,top
"N142","~","SK6805-EC14",29.346009,-60.988000,0.000000,top
"N142","~","SK6805-EC14",64.346009,-60.988000,0.000000,top
"N143","~","SK6805-EC14",32.769009,-60.988000,0.000000,top
"N143","~","SK6805-EC14",67.769009,-60.988000,0.000000,top
"N144","~","SK6805-EC14",71.192009,-60.988000,0.000000,top
"N144","~","SK6805-EC14",36.192009,-60.988000,0.000000,top
"N145","~","SK6805-EC14",8.808009,-64.411000,0.000000,top
"N145","~","SK6805-EC14",43.808009,-64.411000,0.000000,top
"N146","~","SK6805-EC14",47.231009,-64.411000,0.000000,top
"N146","~","SK6805-EC14",12.231009,-64.411000,0.000000,top
"N147","~","SK6805-EC14",50.654009,-64.411000,0.000000,top
"N147","~","SK6805-EC14",15.654009,-64.411000,0.000000,top
"N148","~","SK6805-EC14",54.077009,-64.411000,0.000000,top
"N148","~","SK6805-EC14",19.077009,-64.411000,0.000000,top
"N149","~","SK6805-EC14",57.500009,-64.411000,0.000000,top
"N149","~","SK6805-EC14",22.500009,-64.411000,0.000000,top
"N150","~","SK6805-EC14",25.923009,-64.411000,0.000000,top
"N150","~","SK6805-EC14",60.923009,-64.411000,0.000000,top
"N151","~","SK6805-EC14",64.346009,-64.411000,0.000000,top
"N151","~","SK6805-EC14",29.346009,-64.411000,0.000000,top
"N152","~","SK6805-EC14",32.769009,-64.411000,0.000000,top
"N152","~","SK6805-EC14",67.769009,-64.411000,0.000000,top
"N153","~","SK6805-EC14",71.192009,-64.411000,0.000000,top
"N153","~","SK6805-EC14",36.192009,-64.411000,0.000000,top
"N154","~","SK6805-EC14",43.808009,-67.834000,0.000000,top
"N154","~","SK6805-EC14",8.808009,-67.834000,0.000000,top
"N155","~","SK6805-EC14",47.231009,-67.834000,0.000000,top
"N155","~","SK6805-EC14",12.231009,-67.834000,0.000000,top
"N156","~","SK6805-EC14",15.654009,-67.834000,0.000000,top
"N156","~","SK6805-EC14",50.654009,-67.834000,0.000000,top
"N157","~","SK6805-EC14",54.077009,-67.834000,0.000000,top
"N157","~","SK6805-EC14",19.077009,-67.834000,0.000000,top
"N158","~","SK6805-EC14",22.500009,-67.834000,0.000000,top
"N158","~","SK6805-EC14",57.500009,-67.834000,0.000000,top
"N159","~","SK6805-EC14",25.923009,-67.834000,0.000000,top
"N159","~","SK6805-EC14",60.923009,-67.834000,0.000000,top
"N160","~","SK6805-EC14",29.346009,-67.834000,0.000000,top
"N160","~","SK6805-EC14",64.346009,-67.834000,0.000000,top
"N161","~","SK6805-EC14",32.769009,-67.834000,0.000000,top
"N161","~","SK6805-EC14",67.769009,-67.834000,0.000000,top
"N162","~","SK6805-EC14",36.192009,-67.834000,0.000000,top
"N162","~","SK6805-EC14",71.192009,-67.834000,0.000000,top
"N163","~","SK6805-EC14",43.808009,-71.257000,0.000000,top
"N163","~","SK6805-EC14",8.808009,-71.257000,0.000000,top
"N164","~","SK6805-EC14",47.231009,-71.257000,0.000000,top
"N164","~","SK6805-EC14",12.231009,-71.257000,0.000000,top
"N165","~","SK6805-EC14",50.654009,-71.257000,0.000000,top
"N165","~","SK6805-EC14",15.654009,-71.257000,0.000000,top
"N166","~","SK6805-EC14",54.077009,-71.257000,0.000000,top
"N166","~","SK6805-EC14",19.077009,-71.257000,0.000000,top
"N167","~","SK6805-EC14",22.500009,-71.257000,0.000000,top
"N167","~","SK6805-EC14",57.500009,-71.257000,0.000000,top
"N168","~","SK6805-EC14",25.923009,-71.257000,0.000000,top
"N168","~","SK6805-EC14",60.923009,-71.257000,0.000000,top
"N169","~","SK6805-EC14",29.346009,-71.257000,0.000000,top
"N169","~","SK6805-EC14",64.346009,-71.257000,0.000000,top
"N170","~","SK6805-EC14",67.769009,-71.257000,0.000000,top
"N170","~","SK6805-EC14",32.769009,-71.257000,0.000000,top
"N171","~","SK6805-EC14",71.192009,-71.257000,0.000000,top
"N171","~","SK6805-EC14",36.192009,-71.257000,0.000000,top
"N172","~","SK6805-EC14",43.808009,-74.680000,0.000000,top
"N172","~","SK6805-EC14",8.808009,-74.680000,0.000000,top
"N173","~","SK6805-EC14",47.231009,-74.680000,0.000000,top
"N173","~","SK6805-EC14",12.231009,-74.680000,0.000000,top
"N174","~","SK6805-EC14",50.654009,-74.680000,0.000000,top
"N174","~","SK6805-EC14",15.654009,-74.680000,0.000000,top
"N175","~","SK6805-EC14",19.077009,-74.680000,0.000000,top
"N175","~","SK6805-EC14",54.077009,-74.680000,0.000000,top
"N176","~","SK6805-EC14",22.500009,-74.680000,0.000000,top
"N176","~","SK6805-EC14",57.500009,-74.680000,0.000000,top
"N177","~","SK6805-EC14",25.923009,-74.680000,0.000000,top
"N177","~","SK6805-EC14",60.923009,-74.680000,0.000000,top
"N178","~","SK6805-EC14",29.346009,-74.680000,0.000000,top
"N178","~","SK6805-EC14",64.346009,-74.680000,0.000000,top
"N179","~","SK6805-EC14",32.769009,-74.680000,0.000000,top
"N179","~","SK6805-EC14",67.769009,-74.680000,0.000000,top
"N180","~","SK6805-EC14",71.192009,-74.680000,0.000000,top
"N180","~","SK6805-EC14",36.192009,-74.680000,0.000000,top
"N181","~","SK6805-EC14",43.808009,-78.103000,0.000000,top
"N181","~","SK6805-EC14",8.808009,-78.103000,0.000000,top
"N182","~","SK6805-EC14",12.231009,-78.103000,0.000000,top
"N182","~","SK6805-EC14",47.231009,-78.103000,0.000000,top
"N183","~","SK6805-EC14",50.654009,-78.103000,0.000000,top
"N183","~","SK6805-EC14",15.654009,-78.103000,0.000000,top
"N184","~","SK6805-EC14",19.077009,-78.103000,0.000000,top
"N184","~","SK6805-EC14",54.077009,-78.103000,0.000000,top
"N185","~","SK6805-EC14",57.500009,-78.103000,0.000000,top
"N185","~","SK6805-EC14",22.500009,-78.103000,0.000000,top
"N186","~","SK6805-EC14",60.923009,-78.103000,0.000000,top
"N186","~","SK6805-EC14",25.923009,-78.103000,0.000000,top
"N187","~","SK6805-EC14",29.346009,-78.103000,0.000000,top
"N187","~","SK6805-EC14",64.346009,-78.103000,0.000000,top
"N188","~","SK6805-EC14",67.769009,-78.103000,0.000000,top
"N188","~","SK6805-EC14",32.769009,-78.103000,0.000000,top
"N189","~","SK6805-EC14",36.192009,-78.103000,0.000000,top
"N189","~","SK6805-EC14",71.192009,-78.103000,0.000000,top
"N190","~","SK6805-EC14",43.808009,-81.526000,0.000000,top
"N190","~","SK6805-EC14",8.808009,-81.526000,0.000000,top
"N191","~","SK6805-EC14",47.231009,-81.526000,0.000000,top
"N191","~","SK6805-EC14",12.231009,-81.526000,0.000000,top
"N192","~","SK6805-EC14",15.654009,-81.526000,0.000000,top
"N192","~","SK6805-EC14",50.654009,-81.526000,0.000000,top
"N193","~","SK6805-EC14",19.077009,-81.526000,0.000000,top
"N193","~","SK6805-EC14",54.077009,-81.526000,0.000000,top
"N194","~","SK6805-EC14",22.500009,-81.526000,0.000000,top
"N194","~","SK6805-EC14",57.500009,-81.526000,0.000000,top
"N195","~","SK6805-EC14",25.923009,-81.526000,0.000000,top
"N195","~","SK6805-EC14",60.923009,-81.526000,0.000000,top
"N196","~","SK6805-EC14",64.346009,-81.526000,0.000000,top
"N196","~","SK6805-EC14",29.346009,-81.526000,0.000000,top
"N197","~","SK6805-EC14",32.769009,-81.526000,0.000000,top
"N197","~","SK6805-EC14",67.769009,-81.526000,0.000000,top
"N198","~","SK6805-EC14",71.192009,-81.526000,0.000000,top
"N198","~","SK6805-EC14",36.192009,-81.526000,0.000000,top
"N199","~","SK6805-EC14",8.808009,-84.949000,0.000000,top
"N199","~","SK6805-EC14",43.808009,-84.949000,0.000000,top
"N200","~","SK6805-EC14",12.231009,-84.949000,0.000000,top
"N200","~","SK6805-EC14",47.231009,-84.949000,0.000000,top
"N201","~","SK6805-EC14",15.654009,-84.949000,0.000000,top
"N201","~","SK6805-EC14",50.654009,-84.949000,0.000000,top
"N202","~","SK6805-EC14",54.077009,-84.949000,0.000000,top
"N202","~","SK6805-EC14",19.077009,-84.949000,0.000000,top
"N203","~","SK6805-EC14",22.500009,-84.949000,0.000000,top
"N203","~","SK6805-EC14",57.500009,-84.949000,0.000000,top
"N204","~","SK6805-EC14",25.923009,-84.949000,0.000000,top
"N204","~","SK6805-EC14",60.923009,-84.949000,0.000000,top
"N205","~","SK6805-EC14",29.346009,-84.949000,0.000000,top
"N205","~","SK6805-EC14",64.346009,-84.949000,0.000000,top
"N206","~","SK6805-EC14",32.769009,-84.949000,0.000000,top
"N206","~","SK6805-EC14",67.769009,-84.949000,0.000000,top
"N207","~","SK6805-EC14",71.192009,-84.949000,0.000000,top
"N207","~","SK6805-EC14",36.192009,-84.949000,0.000000,top
"N208","~","SK6805-EC14",43.808009,-88.372000,0.000000,top
"N208","~","SK6805-EC14",8.808009,-88.372000,0.000000,top
"N209","~","SK6805-EC14",12.231009,-88.372000,0.000000,top
"N209","~","SK6805-EC14",47.231009,-88.372000,0.000000,top
"N210","~","SK6805-EC14",15.654009,-88.372000,0.000000,top
"N210","~","SK6805-EC14",50.654009,-88.372000,0.000000,top
"N211","~","SK6805-EC14",19.077009,-88.372000,0.000000,top
"N211","~","SK6805-EC14",54.077009,-88.372000,0.000000,top
"N212","~","SK6805-EC14",57.500009,-88.372000,0.000000,top
"N212","~","SK6805-EC14",22.500009,-88.372000,0.000000,top
"N213","~","SK6805-EC14",25.923009,-88.372000,0.000000,top
"N213","~","SK6805-EC14",60.923009,-88.372000,0.000000,top
"N214","~","SK6805-EC14",29.346009,-88.372000,0.000000,top
"N214","~","SK6805-EC14",64.346009,-88.372000,0.000000,top
"N215","~","SK6805-EC14",67.769009,-88.372000,0.000000,top
"N215","~","SK6805-EC14",32.769009,-88.372000,0.000000,top
"N216","~","SK6805-EC14",71.192009,-88.372000,0.000000,top
"N216","~","SK6805-EC14",36.192009,-88.372000,0.000000,top
"N217","~","SK6805-EC14",43.808009,-91.795000,0.000000,top
"N217","~","SK6805-EC14",8.808009,-91.795000,0.000000,top
"N218","~","SK6805-EC14",47.231009,-91.795000,0.000000,top
"N218","~","SK6805-EC14",12.231009,-91.795000,0.000000,top
"N219","~","SK6805-EC14",15.654009,-91.795000,0.000000,top
"N219","~","SK6805-EC14",50.654009,-91.795000,0.000000,top
"N220","~","SK6805-EC14",54.077009,-91.795000,0.000000,top
"N220","~","SK6805-EC14",19.077009,-91.795000,0.000000,top
"N221","~","SK6805-EC14",22.500009,-91.795000,0.000000,top
"N221","~","SK6805-EC14",57.500009,-91.795000,0.000000,top
"N222","~","SK6805-EC14",25.923009,-91.795000,0.000000,top
"N222","~","SK6805-EC14",60.923009,-91.795000,0.000000,top
"N223","~","SK6805-EC14",64.346009,-91.795000,0.000000,top
"N223","~","SK6805-EC14",29.346009,-91.795000,0.000000,top
"N224","~","SK6805-EC14",67.769009,-91.795000,0.000000,top
"N224","~","SK6805-EC14",32.769009,-91.795000,0.000000,top
"N225","~","SK6805-EC14",36.192009,-91.795000,0.000000,top
"N225","~","SK6805-EC14",71.192009,-91.795000,0.000000,top
"N226","~","SK6805-EC14",43.808009,-95.218000,0.000000,top
"N226","~","SK6805-EC14",8.808009,-95.218000,0.000000,top
"N227","~","SK6805-EC14",12.231009,-95.218000,0.000000,top
"N227","~","SK6805-EC14",47.231009,-95.218000,0.000000,top
"N228","~","SK6805-EC14",50.654009,-95.218000,0.000000,top
"N228","~","SK6805-EC14",15.654009,-95.218000,0.000000,top
"N229","~","SK6805-EC14",19.077009,-95.218000,0.000000,top
"N229","~","SK6805-EC14",54.077009,-95.218000,0.000000,top
"N230","~","SK6805-EC14",57.500009,-95.218000,0.000000,top
"N230","~","SK6805-EC14",22.500009,-95.218000,0.000000,top
"N231","~","SK6805-EC14",25.923009,-95.218000,0.000000,top
"N231","~","SK6805-EC14",60.923009,-95.218000,0.000000,top
"N232","~","SK6805-EC14",29.346009,-95.218000,0.000000,top
"N232","~","SK6805-EC14",64.346009,-95.218000,0.000000,top
"N233","~","SK6805-EC14",67.769009,-95.218000,0.000000,top
"N233","~","SK6805-EC14",32.769009,-95.218000,0.000000,top
"N234","~","SK6805-EC14",36.192009,-95.218000,0.000000,top
"N234","~","SK6805-EC14",71.192009,-95.218000,0.000000,top
"N235","~","SK6805-EC14",43.808009,-98.641000,0.000000,top
"N235","~","SK6805-EC14",8.808009,-98.641000,0.000000,top
"N236","~","SK6805-EC14",47.231009,-98.641000,0.000000,top
"N236","~","SK6805-EC14",12.231009,-98.641000,0.000000,top
"N237","~","SK6805-EC14",15.654009,-98.641000,0.000000,top
"N237","~","SK6805-EC14",50.654009,-98.641000,0.000000,top
"N238","~","SK6805-EC14",54.077009,-98.641000,0.000000,top
"N238","~","SK6805-EC14",19.077009,-98.641000,0.000000,top
"N239","~","SK6805-EC14",57.500009,-98.641000,0.000000,top
"N239","~","SK6805-EC14",22.500009,-98.641000,0.000000,top
"N240","~","SK6805-EC14",25.923009,-98.641000,0.000000,top
"N240","~","SK6805-EC14",60.923009,-98.641000,0.000000,top
"N241","~","SK6805-EC14",29.346009,-98.641000,0.000000,top
"N241","~","SK6805-EC14",64.346009,-98.641000,0.000000,top
"N242","~","SK6805-EC14",32.769009,-98.641000,0.000000,top
"N242","~","SK6805-EC14",67.769009,-98.641000,0.000000,top
"N243","~","SK6805-EC14",71.192009,-98.641000,0.000000,top
"N243","~","SK6805-EC14",36.192009,-98.641000,0.000000,top
"N244","~","SK6805-EC14",43.808009,-102.064000,0.000000,top
"N244","~","SK6805-EC14",8.808009,-102.064000,0.000000,top
"N245","~","SK6805-EC14",47.231009,-102.064000,0.000000,top
"N245","~","SK6805-EC14",12.231009,-102.064000,0.000000,top
"N246","~","SK6805-EC14",50.654009,-102.064000,0.000000,top
"N246","~","SK6805-EC14",15.654009,-102.064000,0.000000,top
"N247","~","SK6805-EC14",54.077009,-102.064000,0.000000,top
"N247","~","SK6805-EC14",19.077009,-102.064000,0.000000,top
"N248","~","SK6805-EC14",57.500009,-102.064000,0.000000,top
"N248","~","SK6805-EC14",22.500009,-102.064000,0.000000,top
"N249","~","SK6805-EC14",25.923009,-102.064000,0.000000,top
"N249","~","SK6805-EC14",60.923009,-102.064000,0.000000,top
"N250","~","SK6805-EC14",29.346009,-102.064000,0.000000,top
"N250","~","SK6805-EC14",64.346009,-102.064000,0.000000,top
"N251","~","SK6805-EC14",67.769009,-102.064000,0.000000,top
"N251","~","SK6805-EC14",32.769009,-102.064000,0.000000,top
"N252","~","SK6805-EC14",71.192009,-102.064000,0.000000,top
"N252","~","SK6805-EC14",36.192009,-102.064000,0.000000,top
"N253","~","SK6805-EC14",43.808009,-105.487000,0.000000,top
"N253","~","SK6805-EC14",8.808009,-105.487000,0.000000,top
"N254","~","SK6805-EC14",12.231009,-105.487000,0.000000,top
"N254","~","SK6805-EC14",47.231009,-105.487000,0.000000,top
"N255","~","SK6805-EC14",50.654009,-105.487000,0.000000,top
"N255","~","SK6805-EC14",15.654009,-105.487000,0.000000,top
"N256","~","SK6805-EC14",54.077009,-105.487000,0.000000,top
"N256","~","SK6805-EC14",19.077009,-105.487000,0.000000,top
"N257","~","SK6805-EC14",57.500009,-105.487000,0.000000,top
"N257","~","SK6805-EC14",22.500009,-105.487000,0.000000,top
"N258","~","SK6805-EC14",60.923009,-105.487000,0.000000,top
"N258","~","SK6805-EC14",25.923009,-105.487000,0.000000,top
"N259","~","SK6805-EC14",29.346009,-105.487000,0.000000,top
"N259","~","SK6805-EC14",64.346009,-105.487000,0.000000,top
"N260","~","SK6805-EC14",32.769009,-105.487000,0.000000,top
"N260","~","SK6805-EC14",67.769009,-105.487000,0.000000,top
"N261","~","SK6805-EC14",71.192009,-105.487000,0.000000,top
"N261","~","SK6805-EC14",36.192009,-105.487000,0.000000,top
"N262","~","SK6805-EC14",43.808009,-108.910000,0.000000,top
"N262","~","SK6805-EC14",8.808009,-108.910000,0.000000,top
"N263","~","SK6805-EC14",12.231009,-108.910000,0.000000,top
"N263","~","SK6805-EC14",47.231009,-108.910000,0.000000,top
"N264","~","SK6805-EC14",50.654009,-108.910000,0.000000,top
"N264","~","SK6805-EC14",15.654009,-108.910000,0.000000,top
"N265","~","SK6805-EC14",19.077009,-108.910000,0.000000,top
"N265","~","SK6805-EC14",54.077009,-108.910000,0.000000,top
"N266","~","SK6805-EC14",22.500009,-108.910000,0.000000,top
"N266","~","SK6805-EC14",57.500009,-108.910000,0.000000,top
"N267","~","SK6805-EC14",60.923009,-108.910000,0.000000,top
"N267","~","SK6805-EC14",25.923009,-108.910000,0.000000,top
"N268","~","SK6805-EC14",29.346009,-108.910000,0.000000,top
"N268","~","SK6805-EC14",64.346009,-108.910000,0.000000,top
"N269","~","SK6805-EC14",67.769009,-108.910000,0.000000,top
"N269","~","SK6805-EC14",32.769009,-108.910000,0.000000,top
"N270","~","SK6805-EC14",36.192009,-108.910000,0.000000,top
"N270","~","SK6805-EC14",71.192009,-108.910000,0.000000,top
"N271","~","SK6805-EC14",43.808009,-112.333000,0.000000,top
"N271","~","SK6805-EC14",8.808009,-112.333000,0.000000,top
"N272","~","SK6805-EC14",12.231009,-112.333000,0.000000,top
"N272","~","SK6805-EC14",47.231009,-112.333000,0.000000,top
"N273","~","SK6805-EC14",15.654009,-112.333000,0.000000,top
"N273","~","SK6805-EC14",50.654009,-112.333000,0.000000,top
"N274","~","SK6805-EC14",54.077009,-112.333000,0.000000,top
"N274","~","SK6805-EC14",19.077009,-112.333000,0.000000,top
"N275","~","SK6805-EC14",22.500009,-112.333000,0.000000,top
"N275","~","SK6805-EC14",57.500009,-112.333000,0.000000,top
"N276","~","SK6805-EC14",60.923009,-112.333000,0.000000,top
"N276","~","SK6805-EC14",25.923009,-112.333000,0.000000,top
"N277","~","SK6805-EC14",29.346009,-112.333000,0.000000,top
"N277","~","SK6805-EC14",64.346009,-112.333000,0.000000,top
"N278","~","SK6805-EC14",67.769009,-112.333000,0.000000,top
"N278","~","SK6805-EC14",32.769009,-112.333000,0.000000,top
"N279","~","SK6805-EC14",71.192009,-112.333000,0.000000,top
"N279","~","SK6805-EC14",36.192009,-112.333000,0.000000,top
"N280","~","SK6805-EC14",43.808009,-115.756000,0.000000,top
"N280","~","SK6805-EC14",8.808009,-115.756000,0.000000,top
"N281","~","SK6805-EC14",12.231009,-115.756000,0.000000,top
"N281","~","SK6805-EC14",47.231009,-115.756000,0.000000,top
"N282","~","SK6805-EC14",15.654009,-115.756000,0.000000,top
"N282","~","SK6805-EC14",50.654009,-115.756000,0.000000,top
"N283","~","SK6805-EC14",54.077009,-115.756000,0.000000,top
"N283","~","SK6805-EC14",19.077009,-115.756000,0.000000,top
"N284","~","SK6805-EC14",22.500009,-115.756000,0.000000,top
"N284","~","SK6805-EC14",57.500009,-115.756000,0.000000,top
"N285","~","SK6805-EC14",60.923009,-115.756000,0.000000,top
"N285","~","SK6805-EC14",25.923009,-115.756000,0.000000,top
"N286","~","SK6805-EC14",64.346009,-115.756000,0.000000,top
"N286","~","SK6805-EC14",29.346009,-115.756000,0.000000,top
"N287","~","SK6805-EC14",67.769009,-115.756000,0.000000,top
"N287","~","SK6805-EC14",32.769009,-115.756000,0.000000,top
"N288","~","SK6805-EC14",71.192009,-115.756000,0.000000,top
"N288","~","SK6805-EC14",36.192009,-115.756000,0.000000,top
